survived,pclass,age,sibsp,parch,fare,class,who,adult_male,embark_town,alive,alone,fare_normalized,sex_male,embarked_Q,embarked_S
0,3,22.0,1,0,7.25,Third,man,True,Southampton,no,False,0.014151057562208049,True,False,True
1,1,38.0,1,0,71.2833,First,woman,False,Cherbourg,yes,False,0.13913573538264068,False,False,False
1,3,26.0,0,0,7.925,Third,woman,False,Southampton,yes,True,0.015468569817999833,False,False,True
1,1,35.0,1,0,53.1,First,woman,False,Southampton,yes,False,0.10364429745562033,False,False,True
0,3,35.0,0,0,8.05,Third,man,True,Southampton,no,True,0.015712553569072387,True,False,True
0,3,28.0,0,0,8.4583,Third,man,True,Queenstown,no,True,0.01650950209357577,True,True,False
0,1,54.0,0,0,51.8625,First,man,True,Southampton,no,True,0.10122885832000206,True,False,True
0,3,2.0,3,1,21.075,Third,child,False,Southampton,no,False,0.04113566043083236,True,False,True
1,3,27.0,0,2,11.1333,Third,woman,False,Southampton,yes,False,0.021730754366528396,False,False,True
1,2,14.0,1,0,30.0708,Second,child,False,Cherbourg,yes,False,0.058694292654020104,False,False,False
1,3,4.0,1,1,16.7,Third,child,False,Southampton,yes,False,0.03259622914329302,False,False,True
1,1,58.0,0,0,26.55,First,woman,False,Southampton,yes,True,0.051822148727810165,False,False,True
0,3,20.0,0,0,8.05,Third,man,True,Southampton,no,True,0.015712553569072387,True,False,True
0,3,39.0,1,5,31.275,Third,man,True,Southampton,no,False,0.06104473451835265,True,False,True
0,3,14.0,0,0,7.8542,Third,child,False,Southampton,no,True,0.015330377421392339,False,False,True
1,2,55.0,0,0,16.0,Second,woman,False,Southampton,yes,True,0.03122992013728673,False,False,True
0,3,2.0,4,1,29.125,Third,child,False,Queenstown,no,False,0.056848213999904744,True,True,False
1,2,28.0,0,0,13.0,Second,man,True,Southampton,yes,True,0.025374310111545468,True,False,True
0,3,31.0,1,0,18.0,Third,woman,False,Southampton,no,False,0.03513366015444757,False,False,True
1,3,28.0,0,0,7.225,Third,woman,False,Cherbourg,yes,True,0.014102260811993537,False,False,False
0,2,35.0,0,0,26.0,Second,man,True,Southampton,no,True,0.050748620223090936,True,False,True
1,2,34.0,0,0,13.0,Second,man,True,Southampton,yes,True,0.025374310111545468,True,False,True
1,3,15.0,0,0,8.0292,Third,child,False,Queenstown,yes,True,0.015671954672893913,False,True,False
1,1,28.0,0,0,35.5,First,man,True,Southampton,yes,True,0.06929138530460492,True,False,True
0,3,8.0,3,1,21.075,Third,child,False,Southampton,no,False,0.04113566043083236,False,False,True
1,3,38.0,1,5,31.3875,Third,woman,False,Southampton,yes,False,0.061264319894317944,False,False,True
0,3,28.0,0,0,7.225,Third,man,True,Cherbourg,no,True,0.014102260811993537,True,False,False
0,1,19.0,3,2,263.0,First,man,True,Southampton,no,False,0.5133418122566505,True,False,True
1,3,28.0,0,0,7.8792,Third,woman,False,Queenstown,yes,True,0.01537917417160685,False,True,False
0,3,28.0,0,0,7.8958,Third,man,True,Southampton,no,True,0.015411575213749284,True,False,True
0,1,40.0,0,0,27.7208,First,man,True,Cherbourg,no,True,0.05410739813385612,True,False,False
1,1,28.0,1,0,146.5208,First,woman,False,Cherbourg,yes,False,0.2859895551532101,False,False,False
1,3,28.0,0,0,7.75,Third,woman,False,Queenstown,yes,True,0.015126992566498259,False,True,False
0,2,66.0,0,0,10.5,Second,man,True,Southampton,no,True,0.020494635090094415,True,False,True
0,1,28.0,1,0,82.1708,First,man,True,Cherbourg,no,False,0.16038672010106,True,False,False
0,1,42.0,1,0,52.0,First,man,True,Southampton,no,False,0.10149724044618187,True,False,True
1,3,28.0,0,0,7.2292,Third,man,True,Cherbourg,yes,True,0.014110458666029575,True,False,False
0,3,21.0,0,0,8.05,Third,man,True,Southampton,no,True,0.015712553569072387,True,False,True
0,3,18.0,2,0,18.0,Third,woman,False,Southampton,no,False,0.03513366015444757,False,False,True
1,3,14.0,1,0,11.2417,Third,child,False,Cherbourg,yes,False,0.021942337075458514,False,False,False
0,3,40.0,1,0,9.475,Third,woman,False,Southampton,no,False,0.018493968331299484,False,False,True
0,2,27.0,1,0,21.0,Second,woman,False,Southampton,no,False,0.04098927018018883,False,False,True
0,3,28.0,0,0,7.8958,Third,man,True,Cherbourg,no,True,0.015411575213749284,True,False,False
1,2,3.0,1,2,41.5792,Second,child,False,Cherbourg,yes,False,0.08115719346076702,False,False,False
1,3,19.0,0,0,7.8792,Third,woman,False,Queenstown,yes,True,0.01537917417160685,False,True,False
0,3,28.0,0,0,8.05,Third,man,True,Southampton,no,True,0.015712553569072387,True,False,True
0,3,28.0,1,0,15.5,Third,man,True,Queenstown,no,False,0.030253985132996517,True,True,False
0,3,28.0,2,0,21.6792,Third,man,True,Cherbourg,no,False,0.04231498029001666,True,False,False
0,3,18.0,1,0,17.8,Third,woman,False,Southampton,no,False,0.034743286152731485,False,False,True
0,3,7.0,4,1,39.6875,Third,child,False,Southampton,no,False,0.07746484096553544,True,False,True
0,3,21.0,0,0,7.8,Third,man,True,Southampton,no,True,0.01522458606692728,True,False,True
1,1,49.0,1,0,76.7292,First,woman,False,Cherbourg,yes,False,0.1497654242623688,False,False,False
1,2,29.0,1,0,26.0,Second,woman,False,Southampton,yes,False,0.050748620223090936,False,False,True
0,1,65.0,0,1,61.9792,First,man,True,Cherbourg,no,False,0.1209753416358076,True,False,False
1,2,21.0,0,0,10.5,Second,woman,False,Southampton,yes,True,0.020494635090094415,False,False,True
0,3,28.5,0,0,7.2292,Third,man,True,Cherbourg,no,True,0.014110458666029575,True,False,False
1,2,5.0,1,2,27.75,Second,child,False,Southampton,yes,False,0.05416439273810667,False,False,True
0,3,11.0,5,2,46.9,Third,child,False,Southampton,no,False,0.09154270340242172,True,False,True
0,3,22.0,0,0,7.2292,Third,man,True,Cherbourg,no,True,0.014110458666029575,True,False,False
1,1,38.0,0,0,80.0,First,woman,False,Southampton,yes,True,0.15614960068643363,False,False,True
0,1,45.0,1,0,83.475,First,man,True,Southampton,no,False,0.16293234896625058,True,False,True
0,3,4.0,3,2,27.9,Third,child,False,Southampton,no,False,0.05445717323939373,True,False,True
0,1,28.0,0,0,27.7208,First,man,True,Cherbourg,no,True,0.05410739813385612,True,False,False
1,3,28.0,1,1,15.2458,Third,man,True,Cherbourg,yes,False,0.029757819776815374,True,False,False
1,2,29.0,0,0,10.5,Second,woman,False,Southampton,yes,True,0.020494635090094415,False,False,True
0,3,19.0,0,0,8.1583,Third,man,True,Southampton,no,True,0.015923941091001644,True,False,True
1,3,17.0,4,2,7.925,Third,woman,False,Southampton,yes,False,0.015468569817999833,False,False,True
0,3,26.0,2,0,8.6625,Third,man,True,Southampton,no,False,0.016908073949327893,True,False,True
0,2,32.0,0,0,10.5,Second,man,True,Southampton,no,True,0.020494635090094415,True,False,True
0,3,16.0,5,2,46.9,Third,woman,False,Southampton,no,False,0.09154270340242172,False,False,True
0,2,21.0,0,0,73.5,Second,man,True,Southampton,no,True,0.1434624456306609,True,False,True
0,3,26.0,1,0,14.4542,Third,man,True,Cherbourg,no,False,0.028212719478023115,True,False,False
1,3,32.0,0,0,56.4958,Third,man,True,Southampton,yes,True,0.11027245763075773,True,False,True
0,3,25.0,0,0,7.65,Third,man,True,Southampton,no,True,0.014931805565640218,True,False,True
1,2,0.83,0,2,29.0,Second,child,False,Southampton,yes,False,0.056604230248832196,True,False,True
1,3,30.0,0,0,12.475,Third,woman,False,Southampton,yes,True,0.024349578357040744,False,False,True
0,3,22.0,0,0,9.0,Third,man,True,Southampton,no,True,0.017566830077223785,True,False,True
1,3,29.0,0,0,9.5,Third,man,True,Southampton,yes,True,0.018542765081513996,True,False,True
1,3,28.0,0,0,7.7875,Third,woman,False,Queenstown,yes,True,0.015200187691820024,False,True,False
0,1,28.0,0,0,47.1,First,man,True,Southampton,no,True,0.09193307740413781,True,False,True
1,2,17.0,0,0,10.5,Second,woman,False,Southampton,yes,True,0.020494635090094415,False,False,True
1,3,33.0,3,0,15.85,Third,woman,False,Southampton,yes,False,0.030937139635999665,False,False,True
0,3,16.0,1,3,34.375,Third,man,True,Southampton,no,False,0.06709553154495196,True,False,True
1,1,23.0,3,2,263.0,First,woman,False,Southampton,yes,False,0.5133418122566505,False,False,True
0,3,24.0,0,0,8.05,Third,man,True,Southampton,no,True,0.015712553569072387,True,False,True
0,3,29.0,0,0,8.05,Third,man,True,Southampton,no,True,0.015712553569072387,True,False,True
0,3,20.0,0,0,7.8542,Third,man,True,Southampton,no,True,0.015330377421392339,True,False,True
0,1,46.0,1,0,61.175,First,man,True,Southampton,no,False,0.11940564777490723,True,False,True
0,3,26.0,1,2,20.575,Third,man,True,Southampton,no,False,0.04015972542654215,True,False,True
0,3,59.0,0,0,7.25,Third,man,True,Southampton,no,True,0.014151057562208049,True,False,True
0,1,71.0,0,0,34.6542,First,man,True,Cherbourg,no,True,0.06764049365134761,True,False,False
1,1,23.0,0,1,63.3583,First,man,True,Cherbourg,yes,False,0.12366716556464086,True,False,False
1,2,34.0,0,1,23.0,Second,woman,False,Southampton,yes,False,0.04489301019734967,False,False,True
0,2,34.0,1,0,26.0,Second,man,True,Southampton,no,False,0.050748620223090936,True,False,True
0,3,28.0,0,0,7.8958,Third,woman,False,Southampton,no,True,0.015411575213749284,False,False,True
0,1,21.0,0,1,77.2875,First,man,True,Southampton,no,False,0.15085515328815924,True,False,True
0,3,33.0,0,0,8.6542,Third,man,True,Southampton,no,True,0.016891873428256675,True,False,True
0,3,37.0,2,0,7.925,Third,man,True,Southampton,no,False,0.015468569817999833,True,False,True
1,3,21.0,0,0,7.65,Third,woman,False,Southampton,yes,True,0.014931805565640218,False,False,True
1,3,28.0,0,0,7.775,Third,man,True,Southampton,yes,True,0.015175789316712771,True,False,True
0,3,38.0,0,0,7.8958,Third,man,True,Southampton,no,True,0.015411575213749284,True,False,True
1,3,28.0,1,0,24.15,Third,woman,False,Queenstown,yes,False,0.04713766070721715,False,True,False
0,1,47.0,0,0,52.0,First,man,True,Southampton,no,True,0.10149724044618187,True,False,True
0,3,14.5,1,0,14.4542,Third,child,False,Cherbourg,no,False,0.028212719478023115,False,False,False
0,3,22.0,0,0,8.05,Third,man,True,Southampton,no,True,0.015712553569072387,True,False,True
0,3,20.0,1,0,9.825,Third,woman,False,Southampton,no,False,0.019177122834302632,False,False,True
0,3,17.0,0,0,14.4583,Third,woman,False,Cherbourg,no,True,0.028220722145058292,False,False,False
0,3,21.0,0,0,7.925,Third,man,True,Southampton,no,True,0.015468569817999833,True,False,True
0,3,70.5,0,0,7.75,Third,man,True,Queenstown,no,True,0.015126992566498259,True,True,False
0,2,29.0,1,0,21.0,Second,man,True,Southampton,no,False,0.04098927018018883,True,False,True
0,1,24.0,0,1,247.5208,First,man,True,Cherbourg,no,False,0.4831284260198326,True,False,False
0,3,2.0,4,2,31.275,Third,child,False,Southampton,no,False,0.06104473451835265,False,False,True
0,2,21.0,2,0,73.5,Second,man,True,Southampton,no,False,0.1434624456306609,True,False,True
0,2,32.5,1,0,30.0708,Second,man,True,Cherbourg,no,False,0.058694292654020104,True,False,False
1,2,32.5,0,0,13.0,Second,woman,False,Southampton,yes,True,0.025374310111545468,False,False,True
0,1,54.0,0,1,77.2875,First,man,True,Southampton,no,False,0.15085515328815924,True,False,True
1,3,12.0,1,0,11.2417,Third,child,False,Cherbourg,yes,False,0.021942337075458514,True,False,False
0,3,28.0,0,0,7.75,Third,man,True,Queenstown,no,True,0.015126992566498259,True,True,False
1,3,24.0,0,0,7.1417,Third,man,True,Southampton,yes,True,0.01393967004027879,True,False,True
1,3,28.0,1,1,22.3583,Third,woman,False,Cherbourg,yes,False,0.04364049521284361,False,False,False
0,3,45.0,0,0,6.975,Third,man,True,Southampton,no,True,0.013614293309848433,True,False,True
0,3,33.0,0,0,7.8958,Third,man,True,Cherbourg,no,True,0.015411575213749284,True,False,False
0,3,20.0,0,0,7.05,Third,man,True,Southampton,no,True,0.013760683560491965,True,False,True
0,3,47.0,1,0,14.5,Third,woman,False,Southampton,no,False,0.028302115124416098,False,False,True
0,2,25.0,0,0,13.0,Second,man,True,Southampton,no,True,0.025374310111545468,True,False,True
0,2,23.0,0,0,15.0458,Second,man,True,Cherbourg,no,True,0.02936744577509929,True,False,False
1,1,19.0,0,2,26.2833,First,woman,False,Southampton,yes,False,0.051301584996521765,False,False,True
0,1,37.0,1,0,53.1,First,man,True,Southampton,no,False,0.10364429745562033,True,False,True
0,3,16.0,0,0,9.2167,Third,man,True,Southampton,no,True,0.01798980030808316,True,False,True
0,1,24.0,0,0,79.2,First,man,True,Cherbourg,no,True,0.15458810467956932,True,False,False
0,3,28.0,0,2,15.2458,Third,woman,False,Cherbourg,no,False,0.029757819776815374,False,False,False
1,3,22.0,0,0,7.75,Third,woman,False,Southampton,yes,True,0.015126992566498259,False,False,True
1,3,24.0,1,0,15.85,Third,woman,False,Southampton,yes,False,0.030937139635999665,False,False,True
0,3,19.0,0,0,6.75,Third,man,True,Queenstown,no,True,0.013175122557917838,True,True,False
0,2,18.0,0,0,11.5,Second,man,True,Southampton,no,True,0.022446505098674834,True,False,True
0,2,19.0,1,1,36.75,Second,man,True,Southampton,no,False,0.07173122281533045,True,False,True
1,3,27.0,0,0,7.7958,Third,man,True,Southampton,yes,True,0.015216388212891242,True,False,True
0,3,9.0,2,2,34.375,Third,child,False,Southampton,no,False,0.06709553154495196,False,False,True
0,2,36.5,0,2,26.0,Second,man,True,Southampton,no,False,0.050748620223090936,True,False,True
0,2,42.0,0,0,13.0,Second,man,True,Southampton,no,True,0.025374310111545468,True,False,True
0,2,51.0,0,0,12.525,Second,man,True,Southampton,no,True,0.02444717185746977,True,False,True
1,1,22.0,1,0,66.6,First,woman,False,Southampton,yes,False,0.12999454257145598,False,False,True
0,3,55.5,0,0,8.05,Third,man,True,Southampton,no,True,0.015712553569072387,True,False,True
0,3,40.5,0,2,14.5,Third,man,True,Southampton,no,False,0.028302115124416098,True,False,True
0,3,28.0,0,0,7.3125,Third,man,True,Southampton,no,True,0.014273049437744325,True,False,True
0,1,51.0,0,1,61.3792,First,man,True,Cherbourg,no,False,0.11980421963065935,True,False,False
1,3,16.0,0,0,7.7333,Third,woman,False,Queenstown,yes,True,0.015094396337354966,False,True,False
0,3,30.0,0,0,8.05,Third,man,True,Southampton,no,True,0.015712553569072387,True,False,True
0,3,28.0,0,0,8.6625,Third,man,True,Southampton,no,True,0.016908073949327893,True,False,True
0,3,28.0,8,2,69.55,Third,man,True,Southampton,no,False,0.13575255909676823,True,False,True
0,3,44.0,0,1,16.1,Third,man,True,Southampton,no,False,0.031425107138144774,True,False,True
1,2,40.0,0,0,15.75,Second,woman,False,Southampton,yes,True,0.030741952635141623,False,False,True
0,3,26.0,0,0,7.775,Third,man,True,Southampton,no,True,0.015175789316712771,True,False,True
0,3,17.0,0,0,8.6625,Third,man,True,Southampton,no,True,0.016908073949327893,True,False,True
0,3,1.0,4,1,39.6875,Third,child,False,Southampton,no,False,0.07746484096553544,True,False,True
1,3,9.0,0,2,20.525,Third,child,False,Southampton,yes,False,0.04006213192611313,True,False,True
1,1,28.0,0,1,55.0,First,woman,False,Southampton,yes,False,0.10735285047192313,False,False,True
0,3,45.0,1,4,27.9,Third,woman,False,Southampton,no,False,0.05445717323939373,False,False,True
0,1,28.0,0,0,25.925,First,man,True,Southampton,no,True,0.050602229972447406,True,False,True
0,3,28.0,0,0,56.4958,Third,man,True,Southampton,no,True,0.11027245763075773,True,False,True
0,1,61.0,0,0,33.5,First,man,True,Southampton,no,True,0.06538764528744409,True,False,True
0,3,4.0,4,1,29.125,Third,child,False,Queenstown,no,False,0.056848213999904744,True,True,False
1,3,1.0,1,1,11.1333,Third,child,False,Southampton,yes,False,0.021730754366528396,False,False,True
0,1,56.0,0,0,30.6958,First,man,True,Cherbourg,no,True,0.05991421140938287,True,False,False
0,3,18.0,1,1,7.8542,Third,man,True,Southampton,no,False,0.015330377421392339,True,False,True
0,3,28.0,3,1,25.4667,Third,man,True,Southampton,no,False,0.04970768794751499,True,False,True
0,1,50.0,0,0,28.7125,First,woman,False,Cherbourg,no,True,0.05604306762136532,False,False,False
0,2,30.0,0,0,13.0,Second,man,True,Southampton,no,True,0.025374310111545468,True,False,True
0,3,36.0,0,0,0.0,Third,man,True,Southampton,no,True,0.0,True,False,True
0,3,28.0,8,2,69.55,Third,woman,False,Southampton,no,False,0.13575255909676823,False,False,True
0,2,28.0,0,0,15.05,Second,man,True,Cherbourg,no,True,0.02937564362913533,True,False,False
0,3,9.0,4,2,31.3875,Third,child,False,Southampton,no,False,0.061264319894317944,True,False,True
1,2,1.0,2,1,39.0,Second,child,False,Southampton,yes,False,0.0761229303346364,True,False,True
1,3,4.0,0,2,22.025,Third,child,False,Southampton,yes,False,0.04298993693898376,False,False,True
0,1,28.0,0,0,50.0,First,man,True,Southampton,no,True,0.09759350042902103,True,False,True
1,3,28.0,1,0,15.5,Third,woman,False,Queenstown,yes,False,0.030253985132996517,False,True,False
1,1,45.0,0,0,26.55,First,man,True,Southampton,yes,True,0.051822148727810165,True,False,True
0,3,40.0,1,1,15.5,Third,man,True,Queenstown,no,False,0.030253985132996517,True,True,False
0,3,36.0,0,0,7.8958,Third,man,True,Southampton,no,True,0.015411575213749284,True,False,True
1,2,32.0,0,0,13.0,Second,woman,False,Southampton,yes,True,0.025374310111545468,False,False,True
0,2,19.0,0,0,13.0,Second,man,True,Southampton,no,True,0.025374310111545468,True,False,True
1,3,19.0,1,0,7.8542,Third,woman,False,Southampton,yes,False,0.015330377421392339,False,False,True
1,2,3.0,1,1,26.0,Second,child,False,Southampton,yes,False,0.050748620223090936,True,False,True
1,1,44.0,0,0,27.7208,First,woman,False,Cherbourg,yes,True,0.05410739813385612,False,False,False
1,1,58.0,0,0,146.5208,First,woman,False,Cherbourg,yes,True,0.2859895551532101,False,False,False
0,3,42.0,0,1,8.4042,Third,man,True,Southampton,no,False,0.01640390592611157,True,False,True
0,2,24.0,0,0,13.0,Second,woman,False,Southampton,no,True,0.025374310111545468,False,False,True
0,3,28.0,0,0,9.5,Third,man,True,Southampton,no,True,0.018542765081513996,True,False,True
0,3,34.0,0,0,6.4958,Third,man,True,Southampton,no,True,0.012678957201736696,True,False,True
0,3,45.5,0,0,7.225,Third,man,True,Cherbourg,no,True,0.014102260811993537,True,False,False
1,3,18.0,0,0,8.05,Third,man,True,Southampton,yes,True,0.015712553569072387,True,False,True
0,3,2.0,0,1,10.4625,Third,child,False,Southampton,no,False,0.02042143996477265,False,False,True
0,3,32.0,1,0,15.85,Third,man,True,Southampton,no,False,0.030937139635999665,True,False,True
1,3,26.0,0,0,18.7875,Third,man,True,Cherbourg,yes,True,0.036670757786204655,True,False,False
1,3,16.0,0,0,7.75,Third,woman,False,Queenstown,yes,True,0.015126992566498259,False,True,False
1,1,40.0,0,0,31.0,First,man,True,Cherbourg,yes,True,0.060507970265993034,True,False,False
0,3,24.0,0,0,7.05,Third,man,True,Southampton,no,True,0.013760683560491965,True,False,True
1,2,35.0,0,0,21.0,Second,woman,False,Southampton,yes,True,0.04098927018018883,False,False,True
0,3,22.0,0,0,7.25,Third,man,True,Southampton,no,True,0.014151057562208049,True,False,True
0,3,28.0,1,0,7.75,Third,man,True,Queenstown,no,False,0.015126992566498259,True,True,False
1,1,31.0,1,0,113.275,First,woman,False,Cherbourg,yes,False,0.22109807522194713,False,False,False
1,3,27.0,0,0,7.925,Third,woman,False,Southampton,yes,True,0.015468569817999833,False,False,True
0,2,42.0,1,0,27.0,Second,man,True,Southampton,no,False,0.05270049023167135,True,False,True
1,1,32.0,0,0,76.2917,First,woman,False,Cherbourg,yes,True,0.14891148113361488,False,False,False
0,2,30.0,0,0,10.5,Second,man,True,Southampton,no,True,0.020494635090094415,True,False,True
1,3,16.0,0,0,8.05,Third,man,True,Southampton,yes,True,0.015712553569072387,True,False,True
0,2,27.0,0,0,13.0,Second,man,True,Southampton,no,True,0.025374310111545468,True,False,True
0,3,51.0,0,0,8.05,Third,man,True,Southampton,no,True,0.015712553569072387,True,False,True
1,1,38.0,1,0,90.0,First,man,True,Southampton,yes,False,0.17566830077223786,True,False,True
0,3,22.0,0,0,9.35,Third,man,True,Southampton,no,True,0.01824998458022693,True,False,True
1,2,19.0,0,0,10.5,Second,man,True,Southampton,yes,True,0.020494635090094415,True,False,True
0,3,20.5,0,0,7.25,Third,man,True,Southampton,no,True,0.014151057562208049,True,False,True
0,2,18.0,0,0,13.0,Second,man,True,Southampton,no,True,0.025374310111545468,True,False,True
0,3,28.0,3,1,25.4667,Third,woman,False,Southampton,no,False,0.04970768794751499,False,False,True
1,1,35.0,1,0,83.475,First,woman,False,Southampton,yes,False,0.16293234896625058,False,False,True
0,3,29.0,0,0,7.775,Third,man,True,Southampton,no,True,0.015175789316712771,True,False,True
0,2,59.0,0,0,13.5,Second,man,True,Southampton,no,True,0.026350245115835676,True,False,True
1,3,5.0,4,2,31.3875,Third,child,False,Southampton,yes,False,0.061264319894317944,False,False,True
0,2,24.0,0,0,10.5,Second,man,True,Southampton,no,True,0.020494635090094415,True,False,True
0,3,28.0,0,0,7.55,Third,woman,False,Southampton,no,True,0.014736618564782174,False,False,True
0,2,44.0,1,0,26.0,Second,man,True,Southampton,no,False,0.050748620223090936,True,False,True
1,2,8.0,0,2,26.25,Second,child,False,Southampton,yes,False,0.05123658772523604,False,False,True
0,2,19.0,0,0,10.5,Second,man,True,Southampton,no,True,0.020494635090094415,True,False,True
0,2,33.0,0,0,12.275,Second,man,True,Southampton,no,True,0.023959204355324663,True,False,True
0,3,28.0,1,0,14.4542,Third,woman,False,Cherbourg,no,False,0.028212719478023115,False,False,False
0,2,29.0,0,0,10.5,Second,man,True,Southampton,no,True,0.020494635090094415,True,False,True
0,3,22.0,0,0,7.125,Third,man,True,Southampton,no,True,0.013907073811135496,True,False,True
0,3,30.0,0,0,7.225,Third,man,True,Cherbourg,no,True,0.014102260811993537,True,False,False
0,1,44.0,2,0,90.0,First,man,True,Queenstown,no,False,0.17566830077223786,True,True,False
0,3,25.0,0,0,7.775,Third,woman,False,Southampton,no,True,0.015175789316712771,False,False,True
1,2,24.0,0,2,14.5,Second,woman,False,Southampton,yes,False,0.028302115124416098,False,False,True
1,1,37.0,1,1,52.5542,First,man,True,Southampton,yes,False,0.10257896680493714,True,False,True
0,2,54.0,1,0,26.0,Second,man,True,Southampton,no,False,0.050748620223090936,True,False,True
0,3,28.0,0,0,7.25,Third,man,True,Southampton,no,True,0.014151057562208049,True,False,True
0,3,29.0,1,1,10.4625,Third,woman,False,Southampton,no,False,0.02042143996477265,False,False,True
0,1,62.0,0,0,26.55,First,man,True,Southampton,no,True,0.051822148727810165,True,False,True
0,3,30.0,1,0,16.1,Third,man,True,Southampton,no,False,0.031425107138144774,True,False,True
0,3,41.0,0,2,20.2125,Third,woman,False,Southampton,no,False,0.039452172548431745,False,False,True
1,3,29.0,0,2,15.2458,Third,woman,False,Cherbourg,yes,False,0.029757819776815374,False,False,False
1,1,28.0,0,0,79.2,First,woman,False,Cherbourg,yes,True,0.15458810467956932,False,False,False
1,1,30.0,0,0,86.5,First,woman,False,Southampton,yes,True,0.16883675574220638,False,False,True
1,1,35.0,0,0,512.3292,First,woman,False,Cherbourg,yes,True,1.0,False,False,False
1,2,50.0,0,1,26.0,Second,woman,False,Southampton,yes,False,0.050748620223090936,False,False,True
1,3,3.0,4,2,31.3875,Third,child,False,Southampton,yes,False,0.061264319894317944,True,False,True
0,1,52.0,1,1,79.65,First,man,True,Southampton,no,False,0.1554664461834305,True,False,True
0,1,40.0,0,0,0.0,First,man,True,Southampton,no,True,0.0,True,False,True
0,3,28.0,0,0,7.75,Third,woman,False,Queenstown,no,True,0.015126992566498259,False,True,False
0,2,36.0,0,0,10.5,Second,man,True,Southampton,no,True,0.020494635090094415,True,False,True
0,3,16.0,4,1,39.6875,Third,man,True,Southampton,no,False,0.07746484096553544,True,False,True
1,3,25.0,1,0,7.775,Third,man,True,Southampton,yes,False,0.015175789316712771,True,False,True
1,1,58.0,0,1,153.4625,First,woman,False,Southampton,yes,False,0.2995388511917728,False,False,True
1,1,35.0,0,0,135.6333,First,woman,False,Southampton,yes,True,0.2647385704347907,False,False,True
0,1,28.0,0,0,31.0,First,man,True,Southampton,no,True,0.060507970265993034,True,False,True
1,3,25.0,0,0,0.0,Third,man,True,Southampton,yes,True,0.0,True,False,True
1,2,41.0,0,1,19.5,Second,woman,False,Southampton,yes,False,0.0380614651673182,False,False,True
0,1,37.0,0,1,29.7,First,man,True,Cherbourg,no,False,0.057970539254838485,True,False,False
1,1,63.0,1,0,77.9583,First,woman,False,Southampton,yes,False,0.15216446768991498,False,False,True
0,3,45.0,0,0,7.75,Third,woman,False,Southampton,no,True,0.015126992566498259,False,False,True
0,2,28.0,0,0,0.0,Second,man,True,Southampton,no,True,0.0,True,False,True
0,3,7.0,4,1,29.125,Third,child,False,Queenstown,no,False,0.056848213999904744,True,True,False
1,3,35.0,1,1,20.25,Third,woman,False,Southampton,yes,False,0.03952536767375352,False,False,True
0,3,65.0,0,0,7.75,Third,man,True,Queenstown,no,True,0.015126992566498259,True,True,False
0,3,28.0,0,0,7.8542,Third,man,True,Southampton,no,True,0.015330377421392339,True,False,True
0,3,16.0,0,0,9.5,Third,man,True,Southampton,no,True,0.018542765081513996,True,False,True
1,3,19.0,0,0,8.05,Third,man,True,Southampton,yes,True,0.015712553569072387,True,False,True
0,1,28.0,0,0,26.0,First,man,True,Southampton,no,True,0.050748620223090936,True,False,True
0,3,33.0,0,0,8.6625,Third,man,True,Cherbourg,no,True,0.016908073949327893,True,False,False
1,3,30.0,0,0,9.5,Third,man,True,Southampton,yes,True,0.018542765081513996,True,False,True
0,3,22.0,0,0,7.8958,Third,man,True,Southampton,no,True,0.015411575213749284,True,False,True
1,2,42.0,0,0,13.0,Second,man,True,Southampton,yes,True,0.025374310111545468,True,False,True
1,3,22.0,0,0,7.75,Third,woman,False,Queenstown,yes,True,0.015126992566498259,False,True,False
1,1,26.0,0,0,78.85,First,woman,False,Southampton,yes,True,0.15390495017656614,False,False,True
1,1,19.0,1,0,91.0792,First,woman,False,Cherbourg,yes,False,0.17777475888549785,False,False,False
0,2,36.0,0,0,12.875,Second,man,True,Cherbourg,no,True,0.025130326360472913,True,False,False
0,3,24.0,0,0,8.85,Third,woman,False,Southampton,no,True,0.01727404957593672,False,False,True
0,3,24.0,0,0,7.8958,Third,man,True,Southampton,no,True,0.015411575213749284,True,False,True
0,3,23.5,0,0,7.2292,Third,man,True,Cherbourg,no,True,0.014110458666029575,True,False,False
0,1,2.0,1,2,151.55,First,child,False,Southampton,no,False,0.29580589980036276,False,False,True
1,1,28.0,0,0,30.5,First,man,True,Southampton,yes,True,0.05953203526170282,True,False,True
1,1,50.0,0,1,247.5208,First,woman,False,Cherbourg,yes,False,0.4831284260198326,False,False,False
1,3,28.0,2,0,23.25,Third,man,True,Queenstown,yes,False,0.04538097769949478,True,True,False
0,3,19.0,0,0,0.0,Third,man,True,Southampton,no,True,0.0,True,False,True
1,2,28.0,0,0,12.35,Second,woman,False,Queenstown,yes,True,0.024105594605968193,False,True,False
1,1,0.92,1,2,151.55,First,child,False,Southampton,yes,False,0.29580589980036276,True,False,True
1,1,28.0,0,0,110.8833,First,woman,False,Cherbourg,yes,True,0.21642978772242535,False,False,False
1,1,17.0,1,0,108.9,First,woman,False,Cherbourg,yes,False,0.2125586439344078,False,False,False
0,2,30.0,1,0,24.0,Second,man,True,Cherbourg,no,False,0.04684488020593009,True,False,False
1,1,30.0,0,0,56.9292,First,woman,False,Cherbourg,yes,True,0.11111839809247648,False,False,False
1,1,24.0,0,0,83.1583,First,woman,False,Cherbourg,yes,True,0.16231419173453318,False,False,False
1,1,18.0,2,2,262.375,First,woman,False,Cherbourg,yes,False,0.5121218935012878,False,False,False
0,2,26.0,1,1,26.0,Second,woman,False,Southampton,no,False,0.050748620223090936,False,False,True
0,2,43.0,1,1,26.25,Second,man,True,Southampton,no,False,0.05123658772523604,True,False,True
1,3,26.0,0,0,7.8542,Third,woman,False,Southampton,yes,True,0.015330377421392339,False,False,True
1,2,24.0,1,0,26.0,Second,woman,False,Southampton,yes,False,0.050748620223090936,False,False,True
0,2,54.0,0,0,14.0,Second,man,True,Southampton,no,True,0.027326180120125887,True,False,True
1,1,31.0,0,2,164.8667,First,woman,False,Southampton,yes,False,0.32179836714362564,False,False,True
1,1,40.0,1,1,134.5,First,woman,False,Cherbourg,yes,False,0.2625265161540666,False,False,False
0,3,27.0,0,0,7.8958,Third,man,True,Southampton,no,True,0.015411575213749284,True,False,True
1,2,30.0,0,0,12.35,Second,woman,False,Queenstown,yes,True,0.024105594605968193,False,True,False
1,2,22.0,1,1,29.0,Second,woman,False,Southampton,yes,False,0.056604230248832196,False,False,True
1,1,36.0,0,0,135.6333,First,woman,False,Cherbourg,yes,True,0.2647385704347907,False,False,False
0,3,61.0,0,0,6.2375,Third,man,True,Southampton,no,True,0.012174789178520372,True,False,True
1,2,36.0,0,0,13.0,Second,woman,False,Southampton,yes,True,0.025374310111545468,False,False,True
1,3,31.0,1,1,20.525,Third,woman,False,Southampton,yes,False,0.04006213192611313,False,False,True
1,1,16.0,0,1,57.9792,First,woman,False,Cherbourg,yes,False,0.11316786160148591,False,False,False
1,3,28.0,2,0,23.25,Third,woman,False,Queenstown,yes,False,0.04538097769949478,False,True,False
0,1,45.5,0,0,28.5,First,man,True,Southampton,no,True,0.055628295244541985,True,False,True
0,1,38.0,0,1,153.4625,First,man,True,Southampton,no,False,0.2995388511917728,True,False,True
0,3,16.0,2,0,18.0,Third,man,True,Southampton,no,False,0.03513366015444757,True,False,True
1,1,28.0,1,0,133.65,First,woman,False,Southampton,yes,False,0.2608674266467732,False,False,True
0,1,29.0,1,0,66.6,First,man,True,Southampton,no,False,0.12999454257145598,True,False,True
1,1,41.0,0,0,134.5,First,woman,False,Cherbourg,yes,True,0.2625265161540666,False,False,False
1,3,45.0,0,0,8.05,Third,man,True,Southampton,yes,True,0.015712553569072387,True,False,True
0,1,45.0,0,0,35.5,First,man,True,Southampton,no,True,0.06929138530460492,True,False,True
1,2,2.0,1,1,26.0,Second,child,False,Southampton,yes,False,0.050748620223090936,True,False,True
1,1,24.0,3,2,263.0,First,woman,False,Southampton,yes,False,0.5133418122566505,False,False,True
0,2,28.0,0,0,13.0,Second,man,True,Southampton,no,True,0.025374310111545468,True,False,True
0,2,36.0,0,0,13.0,Second,man,True,Southampton,no,True,0.025374310111545468,True,False,True
1,2,24.0,0,0,13.0,Second,woman,False,Southampton,yes,True,0.025374310111545468,False,False,True
1,2,40.0,0,0,13.0,Second,woman,False,Southampton,yes,True,0.025374310111545468,False,False,True
1,3,28.0,1,0,16.1,Third,woman,False,Southampton,yes,False,0.031425107138144774,False,False,True
1,3,3.0,1,1,15.9,Third,child,False,Southampton,yes,False,0.031034733136428686,True,False,True
0,3,42.0,0,0,8.6625,Third,man,True,Southampton,no,True,0.016908073949327893,True,False,True
0,3,23.0,0,0,9.225,Third,man,True,Southampton,no,True,0.01800600082915438,True,False,True
0,1,28.0,0,0,35.0,First,man,True,Southampton,no,True,0.06831545030031472,True,False,True
0,3,15.0,1,1,7.2292,Third,child,False,Cherbourg,no,False,0.014110458666029575,True,False,False
0,3,25.0,1,0,17.8,Third,man,True,Southampton,no,False,0.034743286152731485,True,False,True
1,1,22.0,0,1,55.0,First,woman,False,Southampton,yes,False,0.10735285047192313,False,False,True
0,2,38.0,0,0,13.0,Second,woman,False,Southampton,no,True,0.025374310111545468,False,False,True
0,3,40.0,1,4,27.9,Third,man,True,Southampton,no,False,0.05445717323939373,True,False,True
0,2,29.0,1,0,27.7208,Second,man,True,Cherbourg,no,False,0.05410739813385612,True,False,False
0,3,45.0,0,1,14.4542,Third,woman,False,Cherbourg,no,False,0.028212719478023115,False,False,False
0,3,35.0,0,0,7.05,Third,man,True,Southampton,no,True,0.013760683560491965,True,False,True
0,3,30.0,0,0,7.25,Third,man,True,Southampton,no,True,0.014151057562208049,True,False,True
1,1,60.0,1,0,75.25,First,woman,False,Cherbourg,yes,False,0.14687821814567664,False,False,False
1,3,28.0,0,0,7.2292,Third,woman,False,Cherbourg,yes,True,0.014110458666029575,False,False,False
1,1,24.0,0,0,69.3,First,woman,False,Cherbourg,yes,True,0.13526459159462315,False,False,False
1,1,25.0,1,0,55.4417,First,man,True,Cherbourg,yes,False,0.1082149914547131,True,False,False
0,3,18.0,1,0,6.4958,Third,man,True,Southampton,no,False,0.012678957201736696,True,False,True
0,3,19.0,0,0,8.05,Third,man,True,Southampton,no,True,0.015712553569072387,True,False,True
0,1,22.0,0,0,135.6333,First,man,True,Cherbourg,no,True,0.2647385704347907,True,False,False
0,3,3.0,3,1,21.075,Third,child,False,Southampton,no,False,0.04113566043083236,False,False,True
1,1,28.0,1,0,82.1708,First,woman,False,Cherbourg,yes,False,0.16038672010106,False,False,False
1,3,22.0,0,0,7.25,Third,woman,False,Southampton,yes,True,0.014151057562208049,False,False,True
0,1,27.0,0,2,211.5,First,man,True,Cherbourg,no,False,0.41282050681475896,True,False,False
0,3,20.0,0,0,4.0125,Third,man,True,Cherbourg,no,True,0.007831878409428937,True,False,False
0,3,19.0,0,0,7.775,Third,man,True,Southampton,no,True,0.015175789316712771,True,False,True
1,1,42.0,0,0,227.525,First,woman,False,Cherbourg,yes,True,0.4440992237022602,False,False,False
1,3,1.0,0,2,15.7417,Third,child,False,Cherbourg,yes,False,0.030725752114070404,False,False,False
0,3,32.0,0,0,7.925,Third,man,True,Southampton,no,True,0.015468569817999833,True,False,True
1,1,35.0,1,0,52.0,First,woman,False,Southampton,yes,False,0.10149724044618187,False,False,True
0,2,18.0,0,0,73.5,Second,man,True,Southampton,no,True,0.1434624456306609,True,False,True
0,3,1.0,5,2,46.9,Third,child,False,Southampton,no,False,0.09154270340242172,True,False,True
0,3,28.0,0,0,7.7292,Third,man,True,Queenstown,no,True,0.015086393670319786,True,True,False
1,2,17.0,0,0,12.0,Second,woman,False,Cherbourg,yes,True,0.023422440102965045,False,False,False
1,1,36.0,1,2,120.0,First,man,True,Southampton,yes,False,0.23422440102965045,True,False,True
1,3,21.0,0,0,7.7958,Third,man,True,Southampton,yes,True,0.015216388212891242,True,False,True
0,3,28.0,2,0,7.925,Third,man,True,Southampton,no,False,0.015468569817999833,True,False,True
1,1,23.0,1,0,113.275,First,woman,False,Cherbourg,yes,False,0.22109807522194713,False,False,False
1,3,24.0,0,2,16.7,Third,woman,False,Southampton,yes,False,0.03259622914329302,False,False,True
0,3,22.0,0,0,7.7958,Third,man,True,Southampton,no,True,0.015216388212891242,True,False,True
0,3,31.0,0,0,7.8542,Third,woman,False,Southampton,no,True,0.015330377421392339,False,False,True
0,2,46.0,0,0,26.0,Second,man,True,Southampton,no,True,0.050748620223090936,True,False,True
0,2,23.0,0,0,10.5,Second,man,True,Southampton,no,True,0.020494635090094415,True,False,True
1,2,28.0,0,0,12.65,Second,woman,False,Southampton,yes,True,0.02469115560854232,False,False,True
1,3,39.0,0,0,7.925,Third,man,True,Southampton,yes,True,0.015468569817999833,True,False,True
0,3,26.0,0,0,8.05,Third,man,True,Southampton,no,True,0.015712553569072387,True,False,True
0,3,21.0,1,0,9.825,Third,woman,False,Southampton,no,False,0.019177122834302632,False,False,True
0,3,28.0,1,0,15.85,Third,man,True,Southampton,no,False,0.030937139635999665,True,False,True
0,3,20.0,0,0,8.6625,Third,woman,False,Southampton,no,True,0.016908073949327893,False,False,True
0,2,34.0,1,0,21.0,Second,man,True,Southampton,no,False,0.04098927018018883,True,False,True
0,3,51.0,0,0,7.75,Third,man,True,Southampton,no,True,0.015126992566498259,True,False,True
1,2,3.0,1,1,18.75,Second,child,False,Southampton,yes,False,0.03659756266088288,True,False,True
0,3,21.0,0,0,7.775,Third,man,True,Southampton,no,True,0.015175789316712771,True,False,True
0,3,28.0,0,0,6.8583,Third,man,True,Queenstown,no,True,0.013386510079847098,True,True,False
1,1,33.0,1,0,90.0,First,woman,False,Queenstown,yes,False,0.17566830077223786,False,True,False
1,3,44.0,0,0,7.925,Third,man,True,Southampton,yes,True,0.015468569817999833,True,False,True
0,3,28.0,0,0,8.05,Third,woman,False,Southampton,no,True,0.015712553569072387,False,False,True
1,2,34.0,1,1,32.5,Second,woman,False,Southampton,yes,False,0.06343577527886367,False,False,True
1,2,18.0,0,2,13.0,Second,woman,False,Southampton,yes,False,0.025374310111545468,False,False,True
0,3,10.0,0,2,24.15,Third,child,False,Southampton,no,False,0.04713766070721715,False,False,True
0,3,21.0,0,0,7.7333,Third,man,True,Queenstown,no,True,0.015094396337354966,True,True,False
0,3,29.0,0,0,7.875,Third,man,True,Southampton,no,True,0.015370976317570811,True,False,True
0,3,28.0,1,1,14.4,Third,woman,False,Southampton,no,False,0.028106928123558056,False,False,True
0,3,18.0,1,1,20.2125,Third,man,True,Southampton,no,False,0.039452172548431745,True,False,True
1,2,28.0,1,0,26.0,Second,woman,False,Southampton,yes,False,0.050748620223090936,False,False,True
1,2,19.0,0,0,26.0,Second,woman,False,Southampton,yes,True,0.050748620223090936,False,False,True
1,3,32.0,0,0,8.05,Third,man,True,Southampton,yes,True,0.015712553569072387,True,False,True
1,1,28.0,0,0,26.55,First,man,True,Southampton,yes,True,0.051822148727810165,True,False,True
1,2,42.0,1,0,26.0,Second,woman,False,Southampton,yes,False,0.050748620223090936,False,False,True
0,3,17.0,0,0,7.125,Third,man,True,Southampton,no,True,0.013907073811135496,True,False,True
0,1,50.0,1,0,55.9,First,man,True,Southampton,no,False,0.1091095334796455,True,False,True
1,1,14.0,1,2,120.0,First,child,False,Southampton,yes,False,0.23422440102965045,False,False,True
0,3,21.0,2,2,34.375,Third,woman,False,Southampton,no,False,0.06709553154495196,False,False,True
1,2,24.0,2,3,18.75,Second,woman,False,Southampton,yes,False,0.03659756266088288,False,False,True
0,1,64.0,1,4,263.0,First,man,True,Southampton,no,False,0.5133418122566505,True,False,True
0,2,31.0,0,0,10.5,Second,man,True,Southampton,no,True,0.020494635090094415,True,False,True
1,2,45.0,1,1,26.25,Second,woman,False,Southampton,yes,False,0.05123658772523604,False,False,True
0,3,20.0,0,0,9.5,Third,man,True,Southampton,no,True,0.018542765081513996,True,False,True
0,3,25.0,1,0,7.775,Third,man,True,Southampton,no,False,0.015175789316712771,True,False,True
1,2,28.0,0,0,13.0,Second,woman,False,Southampton,yes,True,0.025374310111545468,False,False,True
1,3,28.0,0,0,8.1125,Third,man,True,Southampton,yes,True,0.015834545444608664,True,False,True
1,1,4.0,0,2,81.8583,First,child,False,Southampton,yes,False,0.15977676072337862,True,False,True
1,2,13.0,0,1,19.5,Second,child,False,Southampton,yes,False,0.0380614651673182,False,False,True
1,1,34.0,0,0,26.55,First,man,True,Southampton,yes,True,0.051822148727810165,True,False,True
1,3,5.0,2,1,19.2583,Third,child,False,Cherbourg,yes,False,0.03758969818624431,False,False,False
1,1,52.0,0,0,30.5,First,man,True,Southampton,yes,True,0.05953203526170282,True,False,True
0,2,36.0,1,2,27.75,Second,man,True,Southampton,no,False,0.05416439273810667,True,False,True
0,3,28.0,1,0,19.9667,Third,man,True,Southampton,no,False,0.03897240290032268,True,False,True
0,1,30.0,0,0,27.75,First,man,True,Cherbourg,no,True,0.05416439273810667,True,False,False
1,1,49.0,1,0,89.1042,First,man,True,Cherbourg,yes,False,0.17391981561855152,True,False,False
1,3,29.0,0,0,7.8958,Third,man,True,Cherbourg,yes,True,0.015411575213749284,True,False,False
0,1,65.0,0,0,26.55,First,man,True,Southampton,no,True,0.051822148727810165,True,False,True
1,1,28.0,1,0,51.8625,First,woman,False,Southampton,yes,False,0.10122885832000206,False,False,True
1,2,50.0,0,0,10.5,Second,woman,False,Southampton,yes,True,0.020494635090094415,False,False,True
1,1,48.0,0,0,26.55,First,man,True,Southampton,yes,True,0.051822148727810165,True,False,True
0,3,34.0,0,0,8.05,Third,man,True,Southampton,no,True,0.015712553569072387,True,False,True
0,1,47.0,0,0,38.5,First,man,True,Southampton,no,True,0.07514699533034619,True,False,True
0,2,48.0,0,0,13.0,Second,man,True,Southampton,no,True,0.025374310111545468,True,False,True
0,3,38.0,0,0,7.05,Third,man,True,Southampton,no,True,0.013760683560491965,True,False,True
0,1,56.0,0,0,26.55,First,man,True,Southampton,no,True,0.051822148727810165,True,False,True
0,3,28.0,0,0,7.725,Third,man,True,Queenstown,no,True,0.015078195816283748,True,True,False
1,3,0.75,2,1,19.2583,Third,child,False,Cherbourg,yes,False,0.03758969818624431,False,False,False
0,3,38.0,0,0,8.6625,Third,man,True,Southampton,no,True,0.016908073949327893,True,False,True
1,2,33.0,1,2,27.75,Second,woman,False,Southampton,yes,False,0.05416439273810667,False,False,True
1,2,23.0,0,0,13.7917,Second,woman,False,Cherbourg,yes,True,0.026919605597338588,False,False,False
0,3,22.0,0,0,9.8375,Third,woman,False,Southampton,no,True,0.019201521209409888,False,False,True
0,1,28.0,0,0,52.0,First,man,True,Southampton,no,True,0.10149724044618187,True,False,True
0,3,29.0,1,0,7.0458,Third,man,True,Southampton,no,False,0.013752485706455927,True,False,True
0,3,22.0,0,0,7.5208,Third,man,True,Southampton,no,True,0.014679623960531627,True,False,True
1,3,2.0,0,1,12.2875,Third,child,False,Southampton,yes,False,0.023983602730431916,False,False,True
0,3,9.0,5,2,46.9,Third,child,False,Southampton,no,False,0.09154270340242172,True,False,True
0,3,50.0,0,0,8.05,Third,man,True,Southampton,no,True,0.015712553569072387,True,False,True
1,3,63.0,0,0,9.5875,Third,woman,False,Southampton,yes,True,0.018713553707264782,False,False,True
1,1,25.0,1,0,91.0792,First,man,True,Cherbourg,yes,False,0.17777475888549785,True,False,False
1,1,35.0,1,0,90.0,First,woman,False,Southampton,yes,False,0.17566830077223786,False,False,True
0,1,58.0,0,0,29.7,First,man,True,Cherbourg,no,True,0.057970539254838485,True,False,False
1,3,9.0,1,1,15.9,Third,child,False,Southampton,yes,False,0.031034733136428686,True,False,True
0,3,21.0,0,0,7.25,Third,man,True,Southampton,no,True,0.014151057562208049,True,False,True
0,1,55.0,0,0,30.5,First,man,True,Southampton,no,True,0.05953203526170282,True,False,True
0,1,71.0,0,0,49.5042,First,man,True,Cherbourg,no,True,0.09662576327876685,True,False,False
0,3,28.0,0,0,14.4583,Third,man,True,Cherbourg,no,True,0.028220722145058292,True,False,False
1,1,54.0,1,0,78.2667,First,woman,False,Cherbourg,yes,False,0.1527664244005612,False,False,False
0,3,28.0,0,0,15.1,Third,man,True,Southampton,no,True,0.029473237129564348,True,False,True
0,1,25.0,1,2,151.55,First,woman,False,Southampton,no,False,0.29580589980036276,False,False,True
0,3,24.0,0,0,7.7958,Third,man,True,Southampton,no,True,0.015216388212891242,True,False,True
0,3,21.0,0,0,7.75,Third,woman,False,Queenstown,no,True,0.015126992566498259,False,True,False
0,3,28.0,0,0,7.6292,Third,woman,False,Queenstown,no,True,0.014891206669461744,False,True,False
0,3,37.0,0,0,9.5875,Third,woman,False,Southampton,no,True,0.018713553707264782,False,False,True
1,1,16.0,0,0,86.5,First,woman,False,Southampton,yes,True,0.16883675574220638,False,False,True
0,1,18.0,1,0,108.9,First,man,True,Cherbourg,no,False,0.2125586439344078,True,False,False
1,2,33.0,0,2,26.0,Second,woman,False,Southampton,yes,False,0.050748620223090936,False,False,True
0,3,28.0,0,0,22.525,Third,man,True,Southampton,no,True,0.04396587194327397,True,False,True
1,3,26.0,0,0,56.4958,Third,man,True,Southampton,yes,True,0.11027245763075773,True,False,True
1,3,29.0,0,0,7.75,Third,man,True,Queenstown,yes,True,0.015126992566498259,True,True,False
1,1,36.0,0,0,26.2875,First,man,True,Southampton,yes,True,0.05130978285055781,True,False,True
1,1,54.0,1,0,59.4,First,woman,False,Cherbourg,yes,False,0.11594107850967697,False,False,False
0,3,24.0,0,0,7.4958,Third,man,True,Southampton,no,True,0.014630827210317115,True,False,True
0,1,47.0,0,0,34.0208,First,man,True,Southampton,no,True,0.06640417918791278,True,False,True
1,2,34.0,0,0,10.5,Second,woman,False,Southampton,yes,True,0.020494635090094415,False,False,True
0,3,28.0,0,0,24.15,Third,man,True,Queenstown,no,True,0.04713766070721715,True,True,False
1,2,36.0,1,0,26.0,Second,woman,False,Southampton,yes,False,0.050748620223090936,False,False,True
0,3,32.0,0,0,7.8958,Third,man,True,Southampton,no,True,0.015411575213749284,True,False,True
1,1,30.0,0,0,93.5,First,woman,False,Southampton,yes,True,0.18249984580226933,False,False,True
1,1,44.0,0,1,57.9792,First,woman,False,Cherbourg,yes,False,0.11316786160148591,False,False,False
0,3,28.0,0,0,7.2292,Third,man,True,Cherbourg,no,True,0.014110458666029575,True,False,False
0,3,40.5,0,0,7.75,Third,man,True,Queenstown,no,True,0.015126992566498259,True,True,False
0,1,28.0,0,0,221.7792,First,man,True,Southampton,no,True,0.4328841690069588,True,False,True
0,3,39.0,0,0,7.925,Third,man,True,Southampton,no,True,0.015468569817999833,True,False,True
0,2,23.0,2,1,11.5,Second,man,True,Southampton,no,False,0.022446505098674834,True,False,True
1,2,2.0,1,1,26.0,Second,child,False,Southampton,yes,False,0.050748620223090936,False,False,True
0,3,17.0,1,1,7.2292,Third,man,True,Cherbourg,no,False,0.014110458666029575,True,False,False
1,3,28.0,0,2,22.3583,Third,woman,False,Cherbourg,yes,False,0.04364049521284361,False,False,False
0,3,30.0,0,0,8.6625,Third,woman,False,Southampton,no,True,0.016908073949327893,False,False,True
1,2,7.0,0,2,26.25,Second,child,False,Southampton,yes,False,0.05123658772523604,False,False,True
0,1,45.0,0,0,26.55,First,man,True,Southampton,no,True,0.051822148727810165,True,False,True
1,1,30.0,0,0,106.425,First,woman,False,Cherbourg,yes,True,0.20772776566317125,False,False,False
0,3,28.0,0,0,14.5,Third,man,True,Southampton,no,True,0.028302115124416098,True,False,True
1,1,22.0,0,2,49.5,First,woman,False,Cherbourg,yes,False,0.09661756542473081,False,False,False
1,1,36.0,0,2,71.0,First,woman,False,Southampton,yes,False,0.13858277060920984,False,False,True
0,3,9.0,4,2,31.275,Third,child,False,Southampton,no,False,0.06104473451835265,False,False,True
0,3,11.0,4,2,31.275,Third,child,False,Southampton,no,False,0.06104473451835265,False,False,True
1,2,32.0,1,0,26.0,Second,man,True,Southampton,yes,False,0.050748620223090936,True,False,True
0,1,50.0,1,0,106.425,First,man,True,Cherbourg,no,False,0.20772776566317125,True,False,False
0,1,64.0,0,0,26.0,First,man,True,Southampton,no,True,0.050748620223090936,True,False,True
1,2,19.0,1,0,26.0,Second,woman,False,Southampton,yes,False,0.050748620223090936,False,False,True
1,2,28.0,0,0,13.8625,Second,man,True,Cherbourg,yes,True,0.02705779799394608,True,False,False
0,3,33.0,1,1,20.525,Third,man,True,Southampton,no,False,0.04006213192611313,True,False,True
1,2,8.0,1,1,36.75,Second,child,False,Southampton,yes,False,0.07173122281533045,True,False,True
1,1,17.0,0,2,110.8833,First,man,True,Cherbourg,yes,False,0.21642978772242535,True,False,False
0,2,27.0,0,0,26.0,Second,man,True,Southampton,no,True,0.050748620223090936,True,False,True
0,3,28.0,0,0,7.8292,Third,man,True,Queenstown,no,True,0.015281580671177828,True,True,False
1,3,22.0,0,0,7.225,Third,man,True,Cherbourg,yes,True,0.014102260811993537,True,False,False
1,3,22.0,0,0,7.775,Third,woman,False,Southampton,yes,True,0.015175789316712771,False,False,True
1,1,48.0,1,0,39.6,First,woman,False,Cherbourg,yes,False,0.07729405233978466,False,False,False
0,1,28.0,0,0,227.525,First,man,True,Cherbourg,no,True,0.4440992237022602,True,False,False
1,1,39.0,1,1,79.65,First,woman,False,Southampton,yes,False,0.1554664461834305,False,False,True
1,3,36.0,1,0,17.4,Third,woman,False,Southampton,yes,False,0.033962538149299316,False,False,True
0,3,40.0,0,0,7.8958,Third,man,True,Southampton,no,True,0.015411575213749284,True,False,True
0,2,28.0,0,0,13.5,Second,man,True,Southampton,no,True,0.026350245115835676,True,False,True
0,3,24.0,2,0,24.15,Third,man,True,Southampton,no,False,0.04713766070721715,True,False,True
0,3,19.0,0,0,7.8958,Third,man,True,Southampton,no,True,0.015411575213749284,True,False,True
0,3,29.0,0,4,21.075,Third,woman,False,Southampton,no,False,0.04113566043083236,False,False,True
1,3,32.0,0,0,7.8542,Third,man,True,Southampton,yes,True,0.015330377421392339,True,False,True
1,2,62.0,0,0,10.5,Second,man,True,Southampton,yes,True,0.020494635090094415,True,False,True
1,1,53.0,2,0,51.4792,First,woman,False,Southampton,yes,False,0.10048070654571319,False,False,True
1,1,36.0,0,0,26.3875,First,man,True,Southampton,yes,True,0.051504969851415845,True,False,True
0,3,16.0,0,0,8.05,Third,man,True,Southampton,no,True,0.015712553569072387,True,False,True
0,3,19.0,0,0,14.5,Third,man,True,Southampton,no,True,0.028302115124416098,True,False,True
1,2,34.0,0,0,13.0,Second,woman,False,Southampton,yes,True,0.025374310111545468,False,False,True
1,1,39.0,1,0,55.9,First,woman,False,Southampton,yes,False,0.1091095334796455,False,False,True
0,3,28.0,1,0,14.4583,Third,woman,False,Cherbourg,no,False,0.028220722145058292,False,False,False
1,3,32.0,0,0,7.925,Third,man,True,Southampton,yes,True,0.015468569817999833,True,False,True
1,2,25.0,1,1,30.0,Second,woman,False,Southampton,yes,False,0.05855610025741261,False,False,True
1,1,39.0,1,1,110.8833,First,woman,False,Cherbourg,yes,False,0.21642978772242535,False,False,False
0,2,54.0,0,0,26.0,Second,man,True,Southampton,no,True,0.050748620223090936,True,False,True
0,1,36.0,0,0,40.125,First,man,True,Cherbourg,no,True,0.07831878409428937,True,False,False
0,3,28.0,0,0,8.7125,Third,man,True,Cherbourg,no,True,0.017005667449756914,True,False,False
1,1,18.0,0,2,79.65,First,woman,False,Southampton,yes,False,0.1554664461834305,False,False,True
0,2,47.0,0,0,15.0,Second,man,True,Southampton,no,True,0.029278050128706306,True,False,True
1,1,60.0,1,1,79.2,First,man,True,Cherbourg,yes,False,0.15458810467956932,True,False,False
0,3,35.0,0,0,7.125,Third,man,True,Southampton,no,True,0.013907073811135496,True,False,True
1,1,52.0,1,0,78.2667,First,woman,False,Cherbourg,yes,False,0.1527664244005612,False,False,False
0,3,47.0,0,0,7.25,Third,man,True,Southampton,no,True,0.014151057562208049,True,False,True
0,3,28.0,0,2,7.75,Third,woman,False,Queenstown,no,False,0.015126992566498259,False,True,False
0,2,37.0,1,0,26.0,Second,man,True,Southampton,no,False,0.050748620223090936,True,False,True
0,3,36.0,1,1,24.15,Third,man,True,Southampton,no,False,0.04713766070721715,True,False,True
1,2,28.0,0,0,33.0,Second,woman,False,Southampton,yes,True,0.06441171028315387,False,False,True
0,3,49.0,0,0,0.0,Third,man,True,Southampton,no,True,0.0,True,False,True
1,1,49.0,1,0,56.9292,First,man,True,Cherbourg,yes,False,0.11111839809247648,True,False,False
1,2,24.0,2,1,27.0,Second,woman,False,Southampton,yes,False,0.05270049023167135,False,False,True
0,1,28.0,0,0,42.4,First,man,True,Southampton,no,True,0.08275928836380983,True,False,True
0,3,44.0,0,0,8.05,Third,man,True,Southampton,no,True,0.015712553569072387,True,False,True
1,1,35.0,0,0,26.55,First,man,True,Cherbourg,yes,True,0.051822148727810165,True,False,False
0,3,36.0,1,0,15.55,Third,man,True,Southampton,no,False,0.030351578633425542,True,False,True
0,3,30.0,0,0,7.8958,Third,man,True,Southampton,no,True,0.015411575213749284,True,False,True
1,1,27.0,0,0,30.5,First,man,True,Southampton,yes,True,0.05953203526170282,True,False,True
1,2,22.0,1,2,41.5792,Second,woman,False,Cherbourg,yes,False,0.08115719346076702,False,False,False
1,1,40.0,0,0,153.4625,First,woman,False,Southampton,yes,True,0.2995388511917728,False,False,True
0,3,39.0,1,5,31.275,Third,woman,False,Southampton,no,False,0.06104473451835265,False,False,True
0,3,28.0,0,0,7.05,Third,man,True,Southampton,no,True,0.013760683560491965,True,False,True
1,2,24.0,1,2,65.0,Second,woman,False,Southampton,yes,False,0.12687155055772734,False,False,True
0,3,34.0,1,1,14.4,Third,man,True,Southampton,no,False,0.028106928123558056,True,False,True
0,3,26.0,1,0,16.1,Third,woman,False,Southampton,no,False,0.031425107138144774,False,False,True
1,2,4.0,2,1,39.0,Second,child,False,Southampton,yes,False,0.0761229303346364,False,False,True
0,2,26.0,0,0,10.5,Second,man,True,Southampton,no,True,0.020494635090094415,True,False,True
0,3,27.0,1,0,14.4542,Third,man,True,Cherbourg,no,False,0.028212719478023115,True,False,False
1,1,42.0,1,0,52.5542,First,man,True,Southampton,yes,False,0.10257896680493714,True,False,True
1,3,20.0,1,1,15.7417,Third,man,True,Cherbourg,yes,False,0.030725752114070404,True,False,False
0,3,21.0,0,0,7.8542,Third,man,True,Southampton,no,True,0.015330377421392339,True,False,True
0,3,21.0,0,0,16.1,Third,man,True,Southampton,no,True,0.031425107138144774,True,False,True
0,1,61.0,0,0,32.3208,First,man,True,Southampton,no,True,0.06308600017332605,True,False,True
0,2,57.0,0,0,12.35,Second,man,True,Queenstown,no,True,0.024105594605968193,True,True,False
1,1,21.0,0,0,77.9583,First,woman,False,Southampton,yes,True,0.15216446768991498,False,False,True
0,3,26.0,0,0,7.8958,Third,man,True,Southampton,no,True,0.015411575213749284,True,False,True
0,3,28.0,0,0,7.7333,Third,man,True,Queenstown,no,True,0.015094396337354966,True,True,False
1,1,80.0,0,0,30.0,First,man,True,Southampton,yes,True,0.05855610025741261,True,False,True
0,3,51.0,0,0,7.0542,Third,man,True,Southampton,no,True,0.013768881414528002,True,False,True
1,1,32.0,0,0,30.5,First,man,True,Cherbourg,yes,True,0.05953203526170282,True,False,False
0,1,28.0,0,0,0.0,First,man,True,Southampton,no,True,0.0,True,False,True
0,3,9.0,3,2,27.9,Third,child,False,Southampton,no,False,0.05445717323939373,False,False,True
0,2,31.0,1,1,26.25,Second,man,True,Southampton,no,False,0.05123658772523604,True,False,True
0,3,41.0,0,5,39.6875,Third,woman,False,Southampton,no,False,0.07746484096553544,False,False,True
0,3,28.0,1,0,16.1,Third,man,True,Southampton,no,False,0.031425107138144774,True,False,True
0,3,2.0,3,2,27.9,Third,child,False,Southampton,no,False,0.05445717323939373,False,False,True
1,3,28.0,0,0,56.4958,Third,man,True,Southampton,yes,True,0.11027245763075773,True,False,True
1,1,48.0,1,0,76.7292,First,man,True,Cherbourg,yes,False,0.1497654242623688,True,False,False
1,1,56.0,0,0,35.5,First,man,True,Cherbourg,yes,True,0.06929138530460492,True,False,False
0,3,28.0,0,0,7.55,Third,man,True,Southampton,no,True,0.014736618564782174,True,False,True
1,3,23.0,0,0,7.55,Third,woman,False,Southampton,yes,True,0.014736618564782174,False,False,True
1,2,18.0,0,1,23.0,Second,woman,False,Southampton,yes,False,0.04489301019734967,False,False,True
0,3,21.0,0,0,8.4333,Third,man,True,Southampton,no,True,0.01646070534336126,True,False,True
1,3,28.0,0,0,7.8292,Third,woman,False,Queenstown,yes,True,0.015281580671177828,False,True,False
0,3,18.0,0,0,6.75,Third,woman,False,Queenstown,no,True,0.013175122557917838,False,True,False
0,2,24.0,2,0,73.5,Second,man,True,Southampton,no,False,0.1434624456306609,True,False,True
0,3,32.0,1,1,15.5,Third,woman,False,Queenstown,no,False,0.030253985132996517,False,True,False
0,2,23.0,0,0,13.0,Second,man,True,Southampton,no,True,0.025374310111545468,True,False,True
0,1,58.0,0,2,113.275,First,man,True,Cherbourg,no,False,0.22109807522194713,True,False,False
1,1,50.0,2,0,133.65,First,man,True,Southampton,yes,False,0.2608674266467732,True,False,True
0,3,40.0,0,0,7.225,Third,man,True,Cherbourg,no,True,0.014102260811993537,True,False,False
0,1,47.0,0,0,25.5875,First,man,True,Southampton,no,True,0.04994347384455151,True,False,True
0,3,36.0,0,0,7.4958,Third,man,True,Southampton,no,True,0.014630827210317115,True,False,True
1,3,20.0,1,0,7.925,Third,man,True,Southampton,yes,False,0.015468569817999833,True,False,True
0,2,32.0,2,0,73.5,Second,man,True,Southampton,no,False,0.1434624456306609,True,False,True
0,3,28.0,0,0,7.775,Third,man,True,Southampton,no,True,0.015175789316712771,True,False,True
0,3,43.0,0,0,8.05,Third,man,True,Southampton,no,True,0.015712553569072387,True,False,True
1,1,28.0,1,0,52.0,First,woman,False,Southampton,yes,False,0.10149724044618187,False,False,True
1,2,40.0,1,1,39.0,Second,woman,False,Southampton,yes,False,0.0761229303346364,False,False,True
0,1,31.0,1,0,52.0,First,man,True,Southampton,no,False,0.10149724044618187,True,False,True
0,2,70.0,0,0,10.5,Second,man,True,Southampton,no,True,0.020494635090094415,True,False,True
1,2,31.0,0,0,13.0,Second,man,True,Southampton,yes,True,0.025374310111545468,True,False,True
0,3,18.0,0,0,7.775,Third,man,True,Southampton,no,True,0.015175789316712771,True,False,True
0,3,24.5,0,0,8.05,Third,man,True,Southampton,no,True,0.015712553569072387,True,False,True
1,3,18.0,0,0,9.8417,Third,woman,False,Southampton,yes,True,0.019209719063445922,False,False,True
0,3,43.0,1,6,46.9,Third,woman,False,Southampton,no,False,0.09154270340242172,False,False,True
1,1,36.0,0,1,512.3292,First,man,True,Cherbourg,yes,False,1.0,True,False,False
0,3,28.0,0,0,8.1375,Third,woman,False,Queenstown,no,True,0.01588334219482317,False,True,False
1,1,27.0,0,0,76.7292,First,man,True,Cherbourg,yes,True,0.1497654242623688,True,False,False
0,3,20.0,0,0,9.225,Third,man,True,Southampton,no,True,0.01800600082915438,True,False,True
0,3,14.0,5,2,46.9,Third,child,False,Southampton,no,False,0.09154270340242172,True,False,True
0,2,60.0,1,1,39.0,Second,man,True,Southampton,no,False,0.0761229303346364,True,False,True
0,2,25.0,1,2,41.5792,Second,man,True,Cherbourg,no,False,0.08115719346076702,True,False,False
0,3,14.0,4,1,39.6875,Third,child,False,Southampton,no,False,0.07746484096553544,True,False,True
0,3,19.0,0,0,10.1708,Third,man,True,Southampton,no,True,0.019852079483269742,True,False,True
0,3,18.0,0,0,7.7958,Third,man,True,Southampton,no,True,0.015216388212891242,True,False,True
1,1,15.0,0,1,211.3375,First,child,False,Southampton,yes,False,0.41250332793836464,False,False,True
1,1,31.0,1,0,57.0,First,man,True,Southampton,yes,False,0.11125659048908397,True,False,True
1,3,4.0,0,1,13.4167,Third,child,False,Cherbourg,yes,False,0.026187654344120927,False,False,False
0,3,25.0,0,0,7.225,Third,man,True,Cherbourg,no,True,0.014102260811993537,True,False,False
0,1,60.0,0,0,26.55,First,man,True,Southampton,no,True,0.051822148727810165,True,False,True
0,2,52.0,0,0,13.5,Second,man,True,Southampton,no,True,0.026350245115835676,True,False,True
1,3,28.0,0,0,7.7333,Third,woman,False,Queenstown,yes,True,0.015094396337354966,False,True,False
0,1,49.0,1,1,110.8833,First,man,True,Cherbourg,no,False,0.21642978772242535,True,False,False
0,3,42.0,0,0,7.65,Third,man,True,Southampton,no,True,0.014931805565640218,True,False,True
1,1,18.0,1,0,227.525,First,woman,False,Cherbourg,yes,False,0.4440992237022602,False,False,False
1,1,35.0,0,0,26.2875,First,man,True,Southampton,yes,True,0.05130978285055781,True,False,True
0,3,18.0,0,1,14.4542,Third,woman,False,Cherbourg,no,False,0.028212719478023115,False,False,False
0,3,25.0,0,0,7.7417,Third,man,True,Queenstown,no,True,0.01511079204542704,True,True,False
0,3,26.0,1,0,7.8542,Third,man,True,Southampton,no,False,0.015330377421392339,True,False,True
0,2,39.0,0,0,26.0,Second,man,True,Southampton,no,True,0.050748620223090936,True,False,True
1,2,45.0,0,0,13.5,Second,woman,False,Southampton,yes,True,0.026350245115835676,False,False,True
1,1,42.0,0,0,26.2875,First,man,True,Southampton,yes,True,0.05130978285055781,True,False,True
1,1,22.0,0,0,151.55,First,woman,False,Southampton,yes,True,0.29580589980036276,False,False,True
1,1,24.0,0,0,49.5042,First,woman,False,Cherbourg,yes,True,0.09662576327876685,False,False,False
0,1,28.0,0,0,26.55,First,man,True,Southampton,no,True,0.051822148727810165,True,False,True
1,1,48.0,1,0,52.0,First,man,True,Southampton,yes,False,0.10149724044618187,True,False,True
0,3,29.0,0,0,9.4833,Third,man,True,Southampton,no,True,0.018510168852370702,True,False,True
0,2,52.0,0,0,13.0,Second,man,True,Southampton,no,True,0.025374310111545468,True,False,True
0,3,19.0,0,0,7.65,Third,man,True,Southampton,no,True,0.014931805565640218,True,False,True
1,1,38.0,0,0,227.525,First,woman,False,Cherbourg,yes,True,0.4440992237022602,False,False,False
1,2,27.0,0,0,10.5,Second,woman,False,Southampton,yes,True,0.020494635090094415,False,False,True
0,3,28.0,0,0,15.5,Third,man,True,Queenstown,no,True,0.030253985132996517,True,True,False
0,3,33.0,0,0,7.775,Third,man,True,Southampton,no,True,0.015175789316712771,True,False,True
1,2,6.0,0,1,33.0,Second,child,False,Southampton,yes,False,0.06441171028315387,False,False,True
0,3,17.0,1,0,7.0542,Third,man,True,Southampton,no,False,0.013768881414528002,True,False,True
0,2,34.0,0,0,13.0,Second,man,True,Southampton,no,True,0.025374310111545468,True,False,True
0,2,50.0,0,0,13.0,Second,man,True,Southampton,no,True,0.025374310111545468,True,False,True
1,1,27.0,1,0,53.1,First,man,True,Southampton,yes,False,0.10364429745562033,True,False,True
0,3,20.0,0,0,8.6625,Third,man,True,Southampton,no,True,0.016908073949327893,True,False,True
1,2,30.0,3,0,21.0,Second,woman,False,Southampton,yes,False,0.04098927018018883,False,False,True
1,3,28.0,0,0,7.7375,Third,woman,False,Queenstown,yes,True,0.015102594191391002,False,True,False
0,2,25.0,1,0,26.0,Second,man,True,Southampton,no,False,0.050748620223090936,True,False,True
0,3,25.0,1,0,7.925,Third,woman,False,Southampton,no,False,0.015468569817999833,False,False,True
1,1,29.0,0,0,211.3375,First,woman,False,Southampton,yes,True,0.41250332793836464,False,False,True
0,3,11.0,0,0,18.7875,Third,child,False,Cherbourg,no,True,0.036670757786204655,True,False,False
0,3,28.5,0,0,16.1,Third,man,True,Southampton,no,True,0.031425107138144774,True,False,True
0,3,48.0,1,3,34.375,Third,woman,False,Southampton,no,False,0.06709553154495196,False,False,True
1,1,35.0,0,0,512.3292,First,man,True,Cherbourg,yes,True,1.0,True,False,False
1,1,28.0,0,0,30.0,First,man,True,Southampton,yes,True,0.05855610025741261,True,False,True
0,1,36.0,1,0,78.85,First,man,True,Southampton,no,False,0.15390495017656614,True,False,True
1,1,21.0,2,2,262.375,First,woman,False,Cherbourg,yes,False,0.5121218935012878,False,False,False
0,3,24.0,1,0,16.1,Third,man,True,Southampton,no,False,0.031425107138144774,True,False,True
1,3,31.0,0,0,7.925,Third,man,True,Southampton,yes,True,0.015468569817999833,True,False,True
0,1,70.0,1,1,71.0,First,man,True,Southampton,no,False,0.13858277060920984,True,False,True
0,3,16.0,1,1,20.25,Third,man,True,Southampton,no,False,0.03952536767375352,True,False,True
1,2,30.0,0,0,13.0,Second,woman,False,Southampton,yes,True,0.025374310111545468,False,False,True
0,1,19.0,1,0,53.1,First,man,True,Southampton,no,False,0.10364429745562033,True,False,True
0,3,31.0,0,0,7.75,Third,man,True,Queenstown,no,True,0.015126992566498259,True,True,False
1,2,4.0,1,1,23.0,Second,child,False,Southampton,yes,False,0.04489301019734967,False,False,True
1,3,6.0,0,1,12.475,Third,child,False,Southampton,yes,False,0.024349578357040744,True,False,True
0,3,33.0,0,0,9.5,Third,man,True,Southampton,no,True,0.018542765081513996,True,False,True
0,3,23.0,0,0,7.8958,Third,man,True,Southampton,no,True,0.015411575213749284,True,False,True
1,2,48.0,1,2,65.0,Second,woman,False,Southampton,yes,False,0.12687155055772734,False,False,True
1,2,0.67,1,1,14.5,Second,child,False,Southampton,yes,False,0.028302115124416098,True,False,True
0,3,28.0,0,0,7.7958,Third,man,True,Southampton,no,True,0.015216388212891242,True,False,True
1,1,33.0,0,0,86.5,First,woman,False,Southampton,yes,True,0.16883675574220638,False,False,True
0,3,41.0,0,0,7.125,Third,man,True,Southampton,no,True,0.013907073811135496,True,False,True
1,3,20.0,0,0,7.2292,Third,man,True,Cherbourg,yes,True,0.014110458666029575,True,False,False
1,1,36.0,1,2,120.0,First,woman,False,Southampton,yes,False,0.23422440102965045,False,False,True
0,3,16.0,0,0,7.775,Third,man,True,Southampton,no,True,0.015175789316712771,True,False,True
1,1,51.0,1,0,77.9583,First,woman,False,Southampton,yes,False,0.15216446768991498,False,False,True
0,1,28.0,0,0,39.6,First,man,True,Cherbourg,no,True,0.07729405233978466,True,False,False
0,3,30.5,0,0,7.75,Third,woman,False,Queenstown,no,True,0.015126992566498259,False,True,False
0,3,28.0,1,0,24.15,Third,man,True,Queenstown,no,False,0.04713766070721715,True,True,False
0,3,32.0,0,0,8.3625,Third,man,True,Southampton,no,True,0.016322512946753766,True,False,True
0,3,24.0,0,0,9.5,Third,man,True,Southampton,no,True,0.018542765081513996,True,False,True
0,3,48.0,0,0,7.8542,Third,man,True,Southampton,no,True,0.015330377421392339,True,False,True
0,2,57.0,0,0,10.5,Second,woman,False,Southampton,no,True,0.020494635090094415,False,False,True
1,2,54.0,1,3,23.0,Second,woman,False,Southampton,yes,False,0.04489301019734967,False,False,True
0,3,18.0,0,0,7.75,Third,man,True,Southampton,no,True,0.015126992566498259,True,False,True
1,3,5.0,0,0,12.475,Third,child,False,Southampton,yes,True,0.024349578357040744,False,False,True
0,3,28.0,0,0,7.7375,Third,man,True,Queenstown,no,True,0.015102594191391002,True,True,False
1,1,43.0,0,1,211.3375,First,woman,False,Southampton,yes,False,0.41250332793836464,False,False,True
1,3,13.0,0,0,7.2292,Third,child,False,Cherbourg,yes,True,0.014110458666029575,False,False,False
1,1,17.0,1,0,57.0,First,woman,False,Southampton,yes,False,0.11125659048908397,False,False,True
0,1,29.0,0,0,30.0,First,man,True,Southampton,no,True,0.05855610025741261,True,False,True
0,3,28.0,1,2,23.45,Third,man,True,Southampton,no,False,0.04577135170121086,True,False,True
0,3,25.0,0,0,7.05,Third,man,True,Southampton,no,True,0.013760683560491965,True,False,True
0,3,25.0,0,0,7.25,Third,man,True,Southampton,no,True,0.014151057562208049,True,False,True
1,3,18.0,0,0,7.4958,Third,woman,False,Southampton,yes,True,0.014630827210317115,False,False,True
0,3,8.0,4,1,29.125,Third,child,False,Queenstown,no,False,0.056848213999904744,True,True,False
1,3,1.0,1,2,20.575,Third,child,False,Southampton,yes,False,0.04015972542654215,True,False,True
0,1,46.0,0,0,79.2,First,man,True,Cherbourg,no,True,0.15458810467956932,True,False,False
0,2,16.0,0,0,26.0,Second,man,True,Southampton,no,True,0.050748620223090936,True,False,True
0,1,28.0,0,0,30.6958,First,man,True,Cherbourg,no,True,0.05991421140938287,True,False,False
0,3,25.0,0,0,7.8958,Third,man,True,Southampton,no,True,0.015411575213749284,True,False,True
0,2,39.0,0,0,13.0,Second,man,True,Southampton,no,True,0.025374310111545468,True,False,True
1,1,49.0,0,0,25.9292,First,woman,False,Southampton,yes,True,0.050610427826483444,False,False,True
1,3,31.0,0,0,8.6833,Third,woman,False,Southampton,yes,True,0.016948672845506364,False,False,True
0,3,30.0,0,0,7.2292,Third,man,True,Cherbourg,no,True,0.014110458666029575,True,False,False
0,3,30.0,1,1,24.15,Third,woman,False,Southampton,no,False,0.04713766070721715,False,False,True
1,2,31.0,1,1,26.25,Second,woman,False,Southampton,yes,False,0.05123658772523604,False,False,True
1,1,11.0,1,2,120.0,First,child,False,Southampton,yes,False,0.23422440102965045,True,False,True
1,3,0.42,0,1,8.5167,Third,child,False,Cherbourg,yes,False,0.016623491302076868,True,False,False
1,3,27.0,0,0,6.975,Third,man,True,Southampton,yes,True,0.013614293309848433,True,False,True
0,3,31.0,0,0,7.775,Third,man,True,Southampton,no,True,0.015175789316712771,True,False,True
0,1,39.0,0,0,0.0,First,man,True,Southampton,no,True,0.0,True,False,True
0,3,18.0,0,0,7.775,Third,woman,False,Southampton,no,True,0.015175789316712771,False,False,True
1,1,33.0,1,0,53.1,First,woman,False,Southampton,yes,False,0.10364429745562033,False,False,True
0,3,26.0,0,0,7.8875,Third,man,True,Southampton,no,True,0.015395374692678068,True,False,True
0,3,39.0,0,0,24.15,Third,man,True,Southampton,no,True,0.04713766070721715,True,False,True
0,2,35.0,0,0,10.5,Second,man,True,Southampton,no,True,0.020494635090094415,True,False,True
0,3,6.0,4,2,31.275,Third,child,False,Southampton,no,False,0.06104473451835265,False,False,True
0,3,30.5,0,0,8.05,Third,man,True,Southampton,no,True,0.015712553569072387,True,False,True
0,3,23.0,0,0,7.925,Third,woman,False,Southampton,no,True,0.015468569817999833,False,False,True
0,2,31.0,1,1,37.0042,Second,man,True,Cherbourg,no,False,0.07222738817151159,True,False,False
0,3,43.0,0,0,6.45,Third,man,True,Southampton,no,True,0.012589561555343713,True,False,True
0,3,10.0,3,2,27.9,Third,child,False,Southampton,no,False,0.05445717323939373,True,False,True
1,1,52.0,1,1,93.5,First,woman,False,Southampton,yes,False,0.18249984580226933,False,False,True
1,3,27.0,0,0,8.6625,Third,man,True,Southampton,yes,True,0.016908073949327893,True,False,True
0,1,38.0,0,0,0.0,First,man,True,Southampton,no,True,0.0,True,False,True
1,3,27.0,0,1,12.475,Third,woman,False,Southampton,yes,False,0.024349578357040744,False,False,True
0,3,2.0,4,1,39.6875,Third,child,False,Southampton,no,False,0.07746484096553544,True,False,True
0,3,28.0,0,0,6.95,Third,man,True,Queenstown,no,True,0.013565496559633922,True,True,False
1,2,1.0,0,2,37.0042,Second,child,False,Cherbourg,yes,False,0.07222738817151159,True,False,False
1,3,28.0,0,0,7.75,Third,man,True,Queenstown,yes,True,0.015126992566498259,True,True,False
1,1,62.0,0,0,80.0,First,woman,False,Southampton,yes,True,0.15614960068643363,False,False,True
1,3,15.0,1,0,14.4542,Third,child,False,Cherbourg,yes,False,0.028212719478023115,False,False,False
1,2,0.83,1,1,18.75,Second,child,False,Southampton,yes,False,0.03659756266088288,True,False,True
0,3,23.0,0,0,7.8542,Third,man,True,Southampton,no,True,0.015330377421392339,True,False,True
0,3,18.0,0,0,8.3,Third,man,True,Southampton,no,True,0.016200521071217493,True,False,True
1,1,39.0,1,1,83.1583,First,woman,False,Cherbourg,yes,False,0.16231419173453318,False,False,False
0,3,21.0,0,0,8.6625,Third,man,True,Southampton,no,True,0.016908073949327893,True,False,True
1,1,28.0,0,0,29.7,First,man,True,Cherbourg,yes,True,0.057970539254838485,True,False,False
0,3,20.0,0,0,7.925,Third,man,True,Southampton,no,True,0.015468569817999833,True,False,True
0,2,16.0,0,0,10.5,Second,man,True,Southampton,no,True,0.020494635090094415,True,False,True
1,1,30.0,0,0,31.0,First,woman,False,Cherbourg,yes,True,0.060507970265993034,False,False,False
0,3,34.5,0,0,6.4375,Third,man,True,Cherbourg,no,True,0.012565163180236457,True,False,False
0,3,42.0,0,0,7.55,Third,man,True,Southampton,no,True,0.014736618564782174,True,False,True
0,3,35.0,0,0,7.8958,Third,man,True,Cherbourg,no,True,0.015411575213749284,True,False,False
0,2,28.0,0,1,33.0,Second,man,True,Southampton,no,False,0.06441171028315387,True,False,True
1,1,28.0,1,0,89.1042,First,woman,False,Cherbourg,yes,False,0.17391981561855152,False,False,False
0,3,4.0,4,2,31.275,Third,child,False,Southampton,no,False,0.06104473451835265,True,False,True
0,3,74.0,0,0,7.775,Third,man,True,Southampton,no,True,0.015175789316712771,True,False,True
0,3,9.0,1,1,15.2458,Third,child,False,Cherbourg,no,False,0.029757819776815374,False,False,False
1,1,16.0,0,1,39.4,First,woman,False,Southampton,yes,False,0.07690367833806856,False,False,True
0,2,44.0,1,0,26.0,Second,woman,False,Southampton,no,False,0.050748620223090936,False,False,True
1,3,18.0,0,1,9.35,Third,woman,False,Southampton,yes,False,0.01824998458022693,False,False,True
1,1,45.0,1,1,164.8667,First,woman,False,Southampton,yes,False,0.32179836714362564,False,False,True
1,1,51.0,0,0,26.55,First,man,True,Southampton,yes,True,0.051822148727810165,True,False,True
1,3,24.0,0,3,19.2583,Third,woman,False,Cherbourg,yes,False,0.03758969818624431,False,False,False
0,3,41.0,2,0,14.1083,Third,man,True,Southampton,no,False,0.027537567642055148,True,False,True
0,2,21.0,1,0,11.5,Second,man,True,Southampton,no,False,0.022446505098674834,True,False,True
1,1,48.0,0,0,25.9292,First,woman,False,Southampton,yes,True,0.050610427826483444,False,False,True
0,2,24.0,0,0,13.0,Second,man,True,Southampton,no,True,0.025374310111545468,True,False,True
1,2,42.0,0,0,13.0,Second,woman,False,Southampton,yes,True,0.025374310111545468,False,False,True
1,2,27.0,1,0,13.8583,Second,woman,False,Cherbourg,yes,False,0.027049600139910042,False,False,False
0,1,31.0,0,0,50.4958,First,man,True,Southampton,no,True,0.09856123757927521,True,False,True
1,3,4.0,1,1,11.1333,Third,child,False,Southampton,yes,False,0.021730754366528396,True,False,True
1,1,47.0,1,1,52.5542,First,woman,False,Southampton,yes,False,0.10257896680493714,False,False,True
0,1,33.0,0,0,5.0,First,man,True,Southampton,no,True,0.009759350042902102,True,False,True
0,3,47.0,0,0,9.0,Third,man,True,Southampton,no,True,0.017566830077223785,True,False,True
1,2,28.0,1,0,24.0,Second,woman,False,Cherbourg,yes,False,0.04684488020593009,False,False,False
1,3,15.0,0,0,7.225,Third,child,False,Cherbourg,yes,True,0.014102260811993537,False,False,False
0,3,20.0,0,0,9.8458,Third,man,True,Southampton,no,True,0.019217721730481106,True,False,True
1,1,56.0,0,1,83.1583,First,woman,False,Cherbourg,yes,False,0.16231419173453318,False,False,False
1,2,25.0,0,1,26.0,Second,woman,False,Southampton,yes,False,0.050748620223090936,False,False,True
0,3,33.0,0,0,7.8958,Third,man,True,Southampton,no,True,0.015411575213749284,True,False,True
0,3,22.0,0,0,10.5167,Third,woman,False,Southampton,no,True,0.02052723131923771,False,False,True
0,2,28.0,0,0,10.5,Second,man,True,Southampton,no,True,0.020494635090094415,True,False,True
0,3,39.0,0,5,29.125,Third,woman,False,Queenstown,no,False,0.056848213999904744,False,True,False
1,1,19.0,0,0,30.0,First,woman,False,Southampton,yes,True,0.05855610025741261,False,False,True
0,3,28.0,1,2,23.45,Third,woman,False,Southampton,no,False,0.04577135170121086,False,False,True
1,1,26.0,0,0,30.0,First,man,True,Cherbourg,yes,True,0.05855610025741261,True,False,False
0,3,32.0,0,0,7.75,Third,man,True,Queenstown,no,True,0.015126992566498259,True,True,False
